INSERT INTO testmgr_usecase(id, usecase_id, name, target_type, requirement_id, expected_behavior, description) VALUES (1, 'FL45', '?Send Reponse without RelayState information', 'SP', 120, 'return to SP root context', '');
INSERT INTO testmgr_usecase(id, usecase_id, name, target_type, requirement_id, expected_behavior, description) VALUES (2, 'FL39', 'Send Response with a Condition with an additional Audience appended', 'SP', 61, 'accept Response', '');
INSERT INTO testmgr_usecase(id, usecase_id, name, target_type, requirement_id, expected_behavior, description) VALUES (3, 'FL38', 'Send Response with a Condition with an additional Audience prepended', 'SP', 62, 'accept Response', '');
INSERT INTO testmgr_usecase(id, usecase_id, name, target_type, requirement_id, expected_behavior, description) VALUES (4, 'FL20', 'Send Response with a SubjectConfirmationData elements with a correct @Address attribute', 'SP', 63, 'accept Response', '');
INSERT INTO testmgr_usecase(id, usecase_id, name, target_type, requirement_id, expected_behavior, description) VALUES (5, 'FL23', 'Send Response with multiple SubjectConfirmation elements with /SubjectConfirmationData/@Address-es, where only the first one is correct', 'SP', 64, 'accept Response', '');
INSERT INTO testmgr_usecase(id, usecase_id, name, target_type, requirement_id, expected_behavior, description) VALUES (6, 'FL22', 'Send Response with multiple SubjectConfirmation elements with /SubjectConfirmationData/@Address-es, where only the last one is correct', 'SP', 65, 'accept Response', '');
INSERT INTO testmgr_usecase(id, usecase_id, name, target_type, requirement_id, expected_behavior, description) VALUES (7, 'FL25', 'SP should accept a Response with multiple SubjectConfirmationData elements with /SubjectConfirmationData/@Address-es, where only the first one is correct', 'SP', 66, 'accept Response', '');
INSERT INTO testmgr_usecase(id, usecase_id, name, target_type, requirement_id, expected_behavior, description) VALUES (8, 'FL24', 'SP should accept a Response with multiple SubjectConfirmationData elements with /SubjectConfirmationData/@Address-es,where only the last one is correct', 'SP', 67, 'accept Response', '');
INSERT INTO testmgr_usecase(id, usecase_id, name, target_type, requirement_id, expected_behavior, description) VALUES (9, 'FL19', '?FL19', 'SP', 68, 'accept Response', '');
INSERT INTO testmgr_usecase(id, usecase_id, name, target_type, requirement_id, expected_behavior, description) VALUES (10, 'FL18', '?FL20', 'SP', 69, 'accept Response', '');
INSERT INTO testmgr_usecase(id, usecase_id, name, target_type, requirement_id, expected_behavior, description) VALUES (11, 'FL17', '?FL21', 'SP', 70, 'accept Response', '');
INSERT INTO testmgr_usecase(id, usecase_id, name, target_type, requirement_id, expected_behavior, description) VALUES (12, 'FL16', '?FL22', 'SP', 71, 'accept Response', '');
INSERT INTO testmgr_usecase(id, usecase_id, name, target_type, requirement_id, expected_behavior, description) VALUES (13, 'FL42', 'Send Response with multiple AudienceRestrictions where the intersection includes the correct audience', 'SP', 72, 'accept Response', '');
INSERT INTO testmgr_usecase(id, usecase_id, name, target_type, requirement_id, expected_behavior, description) VALUES (14, 'FL44', 'Send Response with both Response and Assertion signed', 'SP', 73, 'accept Response', '');
INSERT INTO testmgr_usecase(id, usecase_id, name, target_type, requirement_id, expected_behavior, description) VALUES (15, 'FL43', 'Send Response with only the Assertion signed', 'SP', 74, 'reject Response', '');
INSERT INTO testmgr_usecase(id, usecase_id, name, target_type, requirement_id, expected_behavior, description) VALUES (16, 'FL76', 'Send Response with only the Response signed', 'SP', 75, 'accept Response', '');
INSERT INTO testmgr_usecase(id, usecase_id, name, target_type, requirement_id, expected_behavior, description) VALUES (17, 'FL35', 'Send Response with xs:datetime with microsecond precision http://www.w3.org/TR/xmlschema-2/#dateTime', 'SP', 76, 'accept Response', '');
INSERT INTO testmgr_usecase(id, usecase_id, name, target_type, requirement_id, expected_behavior, description) VALUES (18, 'FL34', 'Send Response with xs:datetime with millisecond precision http://www.w3.org/TR/xmlschema-2/#dateTime', 'SP', 77, 'accept Response', '');
INSERT INTO testmgr_usecase(id, usecase_id, name, target_type, requirement_id, expected_behavior, description) VALUES (19, 'FL11', '?Send Reponse without InResponseTo attribute', 'SP', 78, '', '');
INSERT INTO testmgr_usecase(id, usecase_id, name, target_type, requirement_id, expected_behavior, description) VALUES (20, 'FL12', '?Send Reponse without InResponseTo attribute in the SubjectConfirmationData element', 'SP', 79, '', '');
INSERT INTO testmgr_usecase(id, usecase_id, name, target_type, requirement_id, expected_behavior, description) VALUES (21, 'FL13', 'Send Response with a broken DestinationURL attribute', 'SP', 83, 'reject Response', '');
INSERT INTO testmgr_usecase(id, usecase_id, name, target_type, requirement_id, expected_behavior, description) VALUES (22, 'FL15', 'Send Response with a broken DestinationURL attribute in response', 'SP', 84, 'reject Response', '');
INSERT INTO testmgr_usecase(id, usecase_id, name, target_type, requirement_id, expected_behavior, description) VALUES (23, 'FL14', 'Send Response with a broken Recipient attribute in assertion SubjectConfirmationData/@Recipient', 'SP', 85, 'reject Response', '');
INSERT INTO testmgr_usecase(id, usecase_id, name, target_type, requirement_id, expected_behavior, description) VALUES (24, 'FL09', 'Send Response with a InResponseTo which is chosen randomly', 'SP', 86, 'reject Response', '');
INSERT INTO testmgr_usecase(id, usecase_id, name, target_type, requirement_id, expected_behavior, description) VALUES (25, 'FL10', 'Send Response with a InResponseTo which is chosen randomly (in assertion only)', 'SP', 87, 'reject Response', '');
INSERT INTO testmgr_usecase(id, usecase_id, name, target_type, requirement_id, expected_behavior, description) VALUES (26, 'FL31', 'Send Response with a AuthnStatement missing', 'SP', 88, 'reject Response', '');
INSERT INTO testmgr_usecase(id, usecase_id, name, target_type, requirement_id, expected_behavior, description) VALUES (27, 'FL30', 'Send Response with a AuthnStatement where SessionNotOnOrAfter is set in the past', 'SP', 89, 'reject Response', '');
INSERT INTO testmgr_usecase(id, usecase_id, name, target_type, requirement_id, expected_behavior, description) VALUES (28, 'FL36', 'Send Response with a Condition with a empty set of Audience.', 'SP', 90, 'reject Response', '');
INSERT INTO testmgr_usecase(id, usecase_id, name, target_type, requirement_id, expected_behavior, description) VALUES (29, 'FL27', 'Send Response with a Condition with a NotBefore in the future.', 'SP', 91, 'reject Response', '');
INSERT INTO testmgr_usecase(id, usecase_id, name, target_type, requirement_id, expected_behavior, description) VALUES (30, 'FL28', 'Send Response with a Condition with a NotOnOrAfter in the past.', 'SP', 92, 'reject Response', '');
INSERT INTO testmgr_usecase(id, usecase_id, name, target_type, requirement_id, expected_behavior, description) VALUES (31, 'FL37', 'Send Response with a Condition with a wrong Audience.', 'SP', 93, 'reject Response', '');
INSERT INTO testmgr_usecase(id, usecase_id, name, target_type, requirement_id, expected_behavior, description) VALUES (32, 'FL21', 'Send Response with a SubjectConfirmationData elements with an incorrect @Address attribute', 'SP', 94, 'reject Response', '');
INSERT INTO testmgr_usecase(id, usecase_id, name, target_type, requirement_id, expected_behavior, description) VALUES (33, 'FL29', 'Send Response with a SubjectConfirmationData@NotOnOrAfter in the past', 'SP', 95, 'reject Response', '');
INSERT INTO testmgr_usecase(id, usecase_id, name, target_type, requirement_id, expected_behavior, description) VALUES (34, 'FL26', 'Send Response with an assertion containing an unknown Condition', 'SP', 96, 'reject Response', '');
INSERT INTO testmgr_usecase(id, usecase_id, name, target_type, requirement_id, expected_behavior, description) VALUES (35, 'FL32', 'Send Response with an IssueInstant far (24 hours) into the future', 'SP', 97, 'reject Response', '');
INSERT INTO testmgr_usecase(id, usecase_id, name, target_type, requirement_id, expected_behavior, description) VALUES (36, 'FL33', 'Send Response with an IssueInstant far (24 hours) into the past', 'SP', 98, 'reject Response', '');
INSERT INTO testmgr_usecase(id, usecase_id, name, target_type, requirement_id, expected_behavior, description) VALUES (37, 'FL52', 'Send Response with an signed assertion embedded in an AttributeValue inside an unsigned assertion.', 'SP', 99, 'reject Response', '');
INSERT INTO testmgr_usecase(id, usecase_id, name, target_type, requirement_id, expected_behavior, description) VALUES (38, 'FL53', 'Send Response with an signed assertion embedded in an AttributeValue inside an unsigned assertion. (Signature moved out...)', 'SP', 100, 'reject Response', '');
INSERT INTO testmgr_usecase(id, usecase_id, name, target_type, requirement_id, expected_behavior, description) VALUES (39, 'FL54', 'Send Response with an signed assertion, where the signature is referring to another assertion.', 'SP', 101, 'reject Response', '');
INSERT INTO testmgr_usecase(id, usecase_id, name, target_type, requirement_id, expected_behavior, description) VALUES (40, 'FL58', 'Send Response with attributes in unsigned 2nd assertion. (test 2 of 2)', 'SP', 102, 'reject Response', '');
INSERT INTO testmgr_usecase(id, usecase_id, name, target_type, requirement_id, expected_behavior, description) VALUES (41, 'FL59', 'Send Response with authnstatement in unsigned 2nd assertion. (test 1 of 2)', 'SP', 103, 'reject Response', '');
INSERT INTO testmgr_usecase(id, usecase_id, name, target_type, requirement_id, expected_behavior, description) VALUES (42, 'FL40', 'Send Response with multiple AudienceRestrictions where the intersection is zero. (test 1 of 2)', 'SP', 104, 'reject Response', '');
INSERT INTO testmgr_usecase(id, usecase_id, name, target_type, requirement_id, expected_behavior, description) VALUES (43, 'FL71', 'Send LogoutRequest with no sessionindex (sent in separate session, no session-cookies)', 'SP', 28, 'accept LougoutRequest', '');
INSERT INTO testmgr_usecase(id, usecase_id, name, target_type, requirement_id, expected_behavior, description) VALUES (44, 'FL70', 'Send LogoutRequest with sessionindex in a separate session, not relying on the session-cookie.', 'SP', 31, 'accept LougoutRequest', '');
INSERT INTO testmgr_usecase(id, usecase_id, name, target_type, requirement_id, expected_behavior, description) VALUES (45, 'FL72', 'Send LogoutRequest with two sesionindexes (first valid) (sent in separate session, no session-cookies)', 'SP', 29, 'accept LougoutRequest', '');
INSERT INTO testmgr_usecase(id, usecase_id, name, target_type, requirement_id, expected_behavior, description) VALUES (46, 'FL73', 'Send LogoutRequest with two sesionindexes (second valid) (sent in separate session, no session-cookies)', 'SP', 30, 'accept LougoutRequest', '');
INSERT INTO testmgr_usecase(id, usecase_id, name, target_type, requirement_id, expected_behavior, description) VALUES (47, 'NET-03', 'Use invalid certificate  (IDP)', 'IDP', 24, 'reject connection', '');
INSERT INTO testmgr_usecase(id, usecase_id, name, target_type, requirement_id, expected_behavior, description) VALUES (48, 'NET-07', 'Use invalid certificate (SP)', 'SP', 24, 'reject connection', '');
INSERT INTO testmgr_usecase(id, usecase_id, name, target_type, requirement_id, expected_behavior, description) VALUES (49, 'FL46', '?Send unknown Extensions element in Response', 'SP', 109, 'accept Response', '');
INSERT INTO testmgr_usecase(id, usecase_id, name, target_type, requirement_id, expected_behavior, description) VALUES (50, 'S2c-03', 'S2c-03?', 'IDP', 53, '', '');
INSERT INTO testmgr_usecase(id, usecase_id, name, target_type, requirement_id, expected_behavior, description) VALUES (51, 'S2c-04', 'S2c-04?', 'IDP', 131, '', '');
INSERT INTO testmgr_usecase(id, usecase_id, name, target_type, requirement_id, expected_behavior, description) VALUES (52, 'NET-02', 'Use unauthorized certificate  (IDP)', 'IDP', 23, 'reject connection', '');
INSERT INTO testmgr_usecase(id, usecase_id, name, target_type, requirement_id, expected_behavior, description) VALUES (53, 'NET-06', 'Use unauthorized certificate (SP)', 'SP', 23, 'reject connection', '');
INSERT INTO testmgr_usecase(id, usecase_id, name, target_type, requirement_id, expected_behavior, description) VALUES (54, 'FL66', 'Send invalid LogoutRequest without SessionIndex ', 'SP', 32, 'reject LougoutRequest', '');
INSERT INTO testmgr_usecase(id, usecase_id, name, target_type, requirement_id, expected_behavior, description) VALUES (55, 'NET-01', 'Connect without TLS  (IDP)', 'IDP', 22, 'reject connection', '');
INSERT INTO testmgr_usecase(id, usecase_id, name, target_type, requirement_id, expected_behavior, description) VALUES (56, 'NET-05', 'Uonnect without TLS (SP)', 'SP', 22, 'reject connection', '');
INSERT INTO testmgr_usecase(id, usecase_id, name, target_type, requirement_id, expected_behavior, description) VALUES (57, 'PVP-14', 'Check if timeout intervals as specified by policy are honored (IDP)', 'IDP', 58, 'IDP session expired after policy-defined interval', '');
INSERT INTO testmgr_usecase(id, usecase_id, name, target_type, requirement_id, expected_behavior, description) VALUES (58, 'PVP-13', 'Check if timeout intervals as specified by policy are honored (SP)', 'SP', 57, 'SP session expired after policy-defined interval', '');
INSERT INTO testmgr_usecase(id, usecase_id, name, target_type, requirement_id, expected_behavior, description) VALUES (59, 'FL56', 'Include second Assertion/AttributeStatement in Response with attributes in second', 'SP', 80, 'returns attributes as key-value pairs', '');
INSERT INTO testmgr_usecase(id, usecase_id, name, target_type, requirement_id, expected_behavior, description) VALUES (60, 'FL55', 'Include second Assertion/AttributeStatement in Response with attributes in first', 'SP', 81, 'returns attributes as key-value pairs', '');
INSERT INTO testmgr_usecase(id, usecase_id, name, target_type, requirement_id, expected_behavior, description) VALUES (61, 'FL51', 'Include second Assertion/AttributeStatement in Response with attributes in both', 'SP', 82, 'returns attributes as key-value pairs', '');
INSERT INTO testmgr_usecase(id, usecase_id, name, target_type, requirement_id, expected_behavior, description) VALUES (62, 'FL75', '?What is expected? send IdP-initiated LogoutRequest to SP before the authn Response.', 'SP', 26, '?', '');
INSERT INTO testmgr_usecase(id, usecase_id, name, target_type, requirement_id, expected_behavior, description) VALUES (63, 'PVP-10', 'Send response with (1) no and (2) an invalid value', 'SP', 110, 'Assertion rejected', '');
INSERT INTO testmgr_usecase(id, usecase_id, name, target_type, requirement_id, expected_behavior, description) VALUES (64, 'PVP-11', 'Send response with each of defined  values (1 per Reponse); ', 'SP', 110, 'accept Response', 'send response with each of following values (1 per Reponse); http://www.ref.gv.at/ns/names/agiz/pvp/secclass/0; http://www.ref.gv.at/ns/names/agiz/pvp/secclass/0-1; http://www.ref.gv.at/ns/names/agiz/pvp/secclass/0-2; http://www.ref.gv.at/ns/names/agiz/pvp/secclass/0-3');
INSERT INTO testmgr_usecase(id, usecase_id, name, target_type, requirement_id, expected_behavior, description) VALUES (65, 'FL02', '? Clarify: Verify various aspects of the generated AuthnRequest message', 'SP', 48, '?', '');
INSERT INTO testmgr_usecase(id, usecase_id, name, target_type, requirement_id, expected_behavior, description) VALUES (66, 'MD-03', 'Required certificates missing in MD  (IDP)', 'IDP', 11, 'MD loading rejected', '');
INSERT INTO testmgr_usecase(id, usecase_id, name, target_type, requirement_id, expected_behavior, description) VALUES (67, 'MD-07', 'Required certificates missing in MD (SP)', 'SP', 11, 'MD loading rejected', '');
INSERT INTO testmgr_usecase(id, usecase_id, name, target_type, requirement_id, expected_behavior, description) VALUES (68, 'MD-02', 'Provide invalid Signature  (IDP)', 'IDP', 10, 'MD loading rejected', '');
INSERT INTO testmgr_usecase(id, usecase_id, name, target_type, requirement_id, expected_behavior, description) VALUES (69, 'MD-06', 'Provide invalid Signature (SP)', 'SP', 10, 'MD loading rejected', '');
INSERT INTO testmgr_usecase(id, usecase_id, name, target_type, requirement_id, expected_behavior, description) VALUES (70, 'DS-1', 'Check if  <idpdisc:DiscoveryResponse> exists', 'SP', 49, 'Element found', '');
INSERT INTO testmgr_usecase(id, usecase_id, name, target_type, requirement_id, expected_behavior, description) VALUES (71, 'MD-09', 'Understand multiple SPSSODescriptor sharing the same key', 'IDP', 124, 'Load SP metadata', 'Know problem with ADSF. Standard practive in RANDE federation');
INSERT INTO testmgr_usecase(id, usecase_id, name, target_type, requirement_id, expected_behavior, description) VALUES (72, 'FL0+G1005', 'Send NameID with Format: e-mail', 'SP', 113, 'understands Response with eMail NameID', '');
INSERT INTO testmgr_usecase(id, usecase_id, name, target_type, requirement_id, expected_behavior, description) VALUES (73, 'FL06', '?Does SP work with unknown NameID Format, such as: foo', 'SP', 114, '?', '');
INSERT INTO testmgr_usecase(id, usecase_id, name, target_type, requirement_id, expected_behavior, description) VALUES (74, 'FL04', 'SP should accept a NameID with Format: persistent', 'SP', 115, 'Consume Response with persistent NameID', '');
INSERT INTO testmgr_usecase(id, usecase_id, name, target_type, requirement_id, expected_behavior, description) VALUES (75, 'SLO-01', 'Basic IdP-initated Logout Test', 'SP', 27, 'User session terminated', '');
INSERT INTO testmgr_usecase(id, usecase_id, name, target_type, requirement_id, expected_behavior, description) VALUES (76, 'PVP-05', 'Check if attribute name formats are in the preferred set', 'IDP', 6, 'returns attributes as key-value pairs', '');
INSERT INTO testmgr_usecase(id, usecase_id, name, target_type, requirement_id, expected_behavior, description) VALUES (77, 'FL49', 'An identical Assertion used a second time (POST-Specific Processing Rules: inresponseto)', 'SP', 105, 'reject Response', '');
INSERT INTO testmgr_usecase(id, usecase_id, name, target_type, requirement_id, expected_behavior, description) VALUES (78, 'FL50', 'An identical Assertion used a second time (unsolicited response)', 'SP', 106, 'reject Response', '');
INSERT INTO testmgr_usecase(id, usecase_id, name, target_type, requirement_id, expected_behavior, description) VALUES (79, 'FL48', 'Send ID used in previous request', 'SP', 107, 'reject Response', '');
INSERT INTO testmgr_usecase(id, usecase_id, name, target_type, requirement_id, expected_behavior, description) VALUES (80, 'FL68', 'Send LogoutRequest where Destination is wrong', 'SP', 33, 'reject LougoutRequest', '');
INSERT INTO testmgr_usecase(id, usecase_id, name, target_type, requirement_id, expected_behavior, description) VALUES (81, 'FL67', 'Send LogoutRequest where Issuer is wrong', 'SP', 34, 'reject LougoutRequest', '');
INSERT INTO testmgr_usecase(id, usecase_id, name, target_type, requirement_id, expected_behavior, description) VALUES (82, 'FL63', 'Send LogoutRequest where NameID content is wrong', 'SP', 35, 'reject LougoutRequest', '');
INSERT INTO testmgr_usecase(id, usecase_id, name, target_type, requirement_id, expected_behavior, description) VALUES (83, 'FL64', 'Send LogoutRequest where NameID@Format is wrong', 'SP', 36, 'reject LougoutRequest', '');
INSERT INTO testmgr_usecase(id, usecase_id, name, target_type, requirement_id, expected_behavior, description) VALUES (84, 'FL65', 'Send LogoutRequest where NameID@SPNameQualifier is wrong', 'SP', 37, 'reject LougoutRequest', '');
INSERT INTO testmgr_usecase(id, usecase_id, name, target_type, requirement_id, expected_behavior, description) VALUES (85, 'FL47', 'Send Response with invalid SAML namespace', 'SP', 108, 'reject Response', '');
INSERT INTO testmgr_usecase(id, usecase_id, name, target_type, requirement_id, expected_behavior, description) VALUES (86, 'DS-3', 'Request IDP-selection from discovery service after a previous selection', 'SP', 50, 'SP knows IDP for re-visting user', '');
INSERT INTO testmgr_usecase(id, usecase_id, name, target_type, requirement_id, expected_behavior, description) VALUES (87, 'SSO-04', 'replay Response message', 'SP', 116, 'Assertion rejected', '');
INSERT INTO testmgr_usecase(id, usecase_id, name, target_type, requirement_id, expected_behavior, description) VALUES (88, 'SLO-02', 'Initiate Logout at the IDP - Request signature', 'IDP', 42, 'expect Request with valid signature', '');
INSERT INTO testmgr_usecase(id, usecase_id, name, target_type, requirement_id, expected_behavior, description) VALUES (89, 'SLO-04', 'Check on missing signature', 'SP', 43, 'reject LougoutResponse', '');
INSERT INTO testmgr_usecase(id, usecase_id, name, target_type, requirement_id, expected_behavior, description) VALUES (90, 'SLO-03', 'Initiate Logout at the IDP - Response signature', 'IDP', 43, 'reject if Response is not signed', '');
INSERT INTO testmgr_usecase(id, usecase_id, name, target_type, requirement_id, expected_behavior, description) VALUES (91, 'FL69', 'IDP sends unsigned LogoutRequest', 'SP', 40, 'reject response because of missing signature', '');
INSERT INTO testmgr_usecase(id, usecase_id, name, target_type, requirement_id, expected_behavior, description) VALUES (92, 'PVP-12', 'Send insufficient LoA in AuthnContextClassRef for defined Test URL', 'SP', 112, 'Assertion rejected. User may be informed about the reason.', '');
INSERT INTO testmgr_usecase(id, usecase_id, name, target_type, requirement_id, expected_behavior, description) VALUES (93, 'FL74', 'Extract session from URL etc. to hijack session', 'SP', 123, 'resistant against attack', '');
INSERT INTO testmgr_usecase(id, usecase_id, name, target_type, requirement_id, expected_behavior, description) VALUES (94, 'SSO-09', 'Reuse existing IdP session to authenticate at second SP', 'IDP', 55, 'No re-authenitcation at second IDP', '');
INSERT INTO testmgr_usecase(id, usecase_id, name, target_type, requirement_id, expected_behavior, description) VALUES (95, 'FL03', 'SP should reject a Response when the StatusCode is not success', 'SP', 117, '', '');
INSERT INTO testmgr_usecase(id, usecase_id, name, target_type, requirement_id, expected_behavior, description) VALUES (96, 'FL61', 'SP sends logout request', 'SP', 41, 'User session terminated', '');
INSERT INTO testmgr_usecase(id, usecase_id, name, target_type, requirement_id, expected_behavior, description) VALUES (97, 'FL07', 'SP should accept a Response without a SubjectConfirmationData element', 'SP', 118, '', '');
INSERT INTO testmgr_usecase(id, usecase_id, name, target_type, requirement_id, expected_behavior, description) VALUES (98, 'PVP-06', 'AuthnRequest/Response exchange. NameID format configured in IDP', 'IDP', 7, 'Assertion contains nameID in required format', '');
INSERT INTO testmgr_usecase(id, usecase_id, name, target_type, requirement_id, expected_behavior, description) VALUES (99, 'PVP-07', 'AuthnRequest/Response exchange. NameID Policy in request specifies format', 'SP', 7, 'Assertion contains nameID in required format', '');
INSERT INTO testmgr_usecase(id, usecase_id, name, target_type, requirement_id, expected_behavior, description) VALUES (100, 'PVP-08', 'Issue AuthnRequest from 2 SPs to single IdP for same subject.', 'IDP', 7, 'NameID is unlinkable between SPs', '');
INSERT INTO testmgr_usecase(id, usecase_id, name, target_type, requirement_id, expected_behavior, description) VALUES (101, 'S2c-16', 'Verify TCP connectivity  (IDP)', 'IDP', 16, 'Open TCP connection', '');
INSERT INTO testmgr_usecase(id, usecase_id, name, target_type, requirement_id, expected_behavior, description) VALUES (102, 'NET-09', 'Verify TCP connectivity (SP)', 'SP', 16, 'accept TCP connection', '');
INSERT INTO testmgr_usecase(id, usecase_id, name, target_type, requirement_id, expected_behavior, description) VALUES (103, 'SSO-05', 'Send AuthnRequest', 'IDP', 119, 'Response carries valid signature', '');
INSERT INTO testmgr_usecase(id, usecase_id, name, target_type, requirement_id, expected_behavior, description) VALUES (104, 'SSO-06', 'Send Response with broken signature', 'SP', 119, 'reject Response', '');
INSERT INTO testmgr_usecase(id, usecase_id, name, target_type, requirement_id, expected_behavior, description) VALUES (105, 'SSO-07', 'Send Response with missing signature', 'SP', 119, 'reject Response', '');
INSERT INTO testmgr_usecase(id, usecase_id, name, target_type, requirement_id, expected_behavior, description) VALUES (106, 'SSO-08', 'Send Response with valid signature but invalid key', 'SP', 119, 'reject Response', '');
INSERT INTO testmgr_usecase(id, usecase_id, name, target_type, requirement_id, expected_behavior, description) VALUES (107, 'PVP-03', 'Provide chained token', 'SP', 4, 'returns attributes as key-value pairs', '');
INSERT INTO testmgr_usecase(id, usecase_id, name, target_type, requirement_id, expected_behavior, description) VALUES (108, 'S2c-06', 'Send AuthnRequest and then an AssertionIDRequest', 'IDP', 1, 'Return valid Assertion', '');
INSERT INTO testmgr_usecase(id, usecase_id, name, target_type, requirement_id, expected_behavior, description) VALUES (109, 'S2c-12', 'Test basic ECP message flow', 'IDP', 8, 'Return valid Response', '');
INSERT INTO testmgr_usecase(id, usecase_id, name, target_type, requirement_id, expected_behavior, description) VALUES (110, 'S2c-11', 'Send AuthnRequest with specific NameID Policy', 'IDP', 127, 'Return valid Response', '');
INSERT INTO testmgr_usecase(id, usecase_id, name, target_type, requirement_id, expected_behavior, description) VALUES (111, 'S2c-08', 'Send AuthnRequest/HTTP-POST', 'IDP', 128, 'Return valid Response', '');
INSERT INTO testmgr_usecase(id, usecase_id, name, target_type, requirement_id, expected_behavior, description) VALUES (112, 'S2c-09', 'Send AuthnRequest/HTTP-POST with transient NameID', 'IDP', 129, 'Return valid Response', '');
INSERT INTO testmgr_usecase(id, usecase_id, name, target_type, requirement_id, expected_behavior, description) VALUES (113, 'S2c-10', 'Send AuthnRequest/HTTP-redirect with transient NameID', 'IDP', 130, 'Return valid Response', '');
INSERT INTO testmgr_usecase(id, usecase_id, name, target_type, requirement_id, expected_behavior, description) VALUES (114, 'S2c-01', 'Test attribute query basic request/response', 'IDP', 2, 'Return valid Attribute Assertion', '');
INSERT INTO testmgr_usecase(id, usecase_id, name, target_type, requirement_id, expected_behavior, description) VALUES (115, 'S2c-07', 'Duplicate of S2c-01?', 'IDP', 3, '', '');
INSERT INTO testmgr_usecase(id, usecase_id, name, target_type, requirement_id, expected_behavior, description) VALUES (116, 'S2c-02', 'Send basic AuthnRequest/ HTTP-redirect', 'IDP', 126, 'Return valid Attribute Assertion', '');
INSERT INTO testmgr_usecase(id, usecase_id, name, target_type, requirement_id, expected_behavior, description) VALUES (117, 'S2c-05', 'Understand basic AuthnRequest/HTTP-artifact', 'IDP', 125, 'Return valid Assertion', '');
INSERT INTO testmgr_usecase(id, usecase_id, name, target_type, requirement_id, expected_behavior, description) VALUES (118, 'S2c-15', 'Send basic NameIDMapping request', 'IDP', 14, 'Return valid Response', '');
INSERT INTO testmgr_usecase(id, usecase_id, name, target_type, requirement_id, expected_behavior, description) VALUES (119, 'SSO-01', 'Send AuthnRequest with ForceAuthn=true during valid IDP-Session', 'IDP', 45, 'IdP requests re-authentication during message flow', '');
INSERT INTO testmgr_usecase(id, usecase_id, name, target_type, requirement_id, expected_behavior, description) VALUES (120, 'S2c-14', 'Send ManageNameID Request to set SP provided ID', 'IDP', 15, 'Return valid ManageNameIDResponse', '');
INSERT INTO testmgr_usecase(id, usecase_id, name, target_type, requirement_id, expected_behavior, description) VALUES (121, 'PVP-02', 'Provide minimum data set', 'SP', 3, 'returns attributes as key-value pairs', '');
INSERT INTO testmgr_usecase(id, usecase_id, name, target_type, requirement_id, expected_behavior, description) VALUES (122, 'PVP-04', 'Provide optional attributes', 'SP', 5, 'returns attributes as key-value pairs', '');
INSERT INTO testmgr_usecase(id, usecase_id, name, target_type, requirement_id, expected_behavior, description) VALUES (123, 'PVP-09', 'Send AuthnRequest using POST binding', 'IDP', 46, 'IdP returns valid Reponse', '');
INSERT INTO testmgr_usecase(id, usecase_id, name, target_type, requirement_id, expected_behavior, description) VALUES (124, 'SSO-02', 'Send AuthnRequest using Redirect binding', 'SP', 47, 'SP sends valid Request', '');
INSERT INTO testmgr_usecase(id, usecase_id, name, target_type, requirement_id, expected_behavior, description) VALUES (125, 'SSO-03', 'Understand AuthnRequest using Redirect binding', 'IDP', 47, 'IdP returns valid Reponse', '');
INSERT INTO testmgr_usecase(id, usecase_id, name, target_type, requirement_id, expected_behavior, description) VALUES (126, 'S2c-13', 'Authenticate; then Send LogoutRequest, front-channel binding, one SP', 'IDP', 13, 'IDP and SP sessions destroyed', '');
INSERT INTO testmgr_usecase(id, usecase_id, name, target_type, requirement_id, expected_behavior, description) VALUES (127, 'SLO-05', 'Send LogoutRequest, front-channel binding, two SP', 'IDP', 39, 'IDP, SP(1) and SP(2) sessions destroyed', '');
INSERT INTO testmgr_usecase(id, usecase_id, name, target_type, requirement_id, expected_behavior, description) VALUES (128, 'FL08', 'Test Harness sends an unsolicited SAML Response message containing a valid assertion (no inresponseto attribute) - OK', 'SP', 121, 'accept Response', '');
INSERT INTO testmgr_usecase(id, usecase_id, name, target_type, requirement_id, expected_behavior, description) VALUES (129, 'PVP-15', 'Test Harness sends an unsolicited SAML Response message containing a valid assertion (no inresponseto attribute) - NOK', 'SP', 122, 'reject Response', '');
INSERT INTO testmgr_usecase(id, usecase_id, name, target_type, requirement_id, expected_behavior, description) VALUES (130, 'DS-2', 'Request IDP-selection from discovery service', 'SP', 51, 'IDP selected', '');
INSERT INTO testmgr_usecase(id, usecase_id, name, target_type, requirement_id, expected_behavior, description) VALUES (131, 'MD-01', 'Provide expired MD (IDP)', 'IDP', 9, 'MD loading rejected', '');
INSERT INTO testmgr_usecase(id, usecase_id, name, target_type, requirement_id, expected_behavior, description) VALUES (132, 'MD-05', 'Provide expired MD (SP)', 'SP', 9, 'MD loading rejected', '');
INSERT INTO testmgr_usecase(id, usecase_id, name, target_type, requirement_id, expected_behavior, description) VALUES (133, 'NET-04', 'Use weak certificate (on different levels of validation path) (IDP)', 'IDP', 25, 'reject connection', '');
INSERT INTO testmgr_usecase(id, usecase_id, name, target_type, requirement_id, expected_behavior, description) VALUES (134, 'NET-08', 'Use weak certificate (on different levels of validation path) (SP)', 'SP', 25, 'reject connection', '');
INSERT INTO testmgr_usecase(id, usecase_id, name, target_type, requirement_id, expected_behavior, description) VALUES (135, 'DS-4', 'Provide IDP-selection at the SP', 'SP', 52, 'IDP selected', '');
INSERT INTO testmgr_usecase(id, usecase_id, name, target_type, requirement_id, expected_behavior, description) VALUES (136, 'MD-04', 'Provide entity without roledescriptor in correct namespace (IDP)', 'IDP', 12, 'MD loading rejected', '');
INSERT INTO testmgr_usecase(id, usecase_id, name, target_type, requirement_id, expected_behavior, description) VALUES (137, 'MD-08', 'Provide entity without roledescriptor in correct namespace (SP)', 'SP', 12, 'MD loading rejected', '');
INSERT INTO testmgr_testclass(id, name) VALUES (0, 'AssertionIDRequest');
INSERT INTO testmgr_testclass(id, name) VALUES (1, 'AttributeQuery');
INSERT INTO testmgr_testclass(id, name) VALUES (2, 'AuthnQuery');
INSERT INTO testmgr_testclass(id, name) VALUES (3, 'AuthnRequest');
INSERT INTO testmgr_testclass(id, name) VALUES (4, 'AuthnRequestEndpointIndex');
INSERT INTO testmgr_testclass(id, name) VALUES (5, 'AuthnRequestPost');
INSERT INTO testmgr_testclass(id, name) VALUES (6, 'AuthnRequestPostTransient');
INSERT INTO testmgr_testclass(id, name) VALUES (7, 'AuthnRequestSpecEndpoint');
INSERT INTO testmgr_testclass(id, name) VALUES (8, 'AuthnRequestTransient');
INSERT INTO testmgr_testclass(id, name) VALUES (9, 'AuthnRequest_NameIDPolicy1');
INSERT INTO testmgr_testclass(id, name) VALUES (10, 'AuthnRequest_using_Artifact');
INSERT INTO testmgr_testclass(id, name) VALUES (11, 'CheckSaml2IntAttributes');
INSERT INTO testmgr_testclass(id, name) VALUES (12, 'CheckSaml2IntMetaData');
INSERT INTO testmgr_testclass(id, name) VALUES (13, 'DynAuthnRequest');
INSERT INTO testmgr_testclass(id, name) VALUES (14, 'ECP_AuthnRequest');
INSERT INTO testmgr_testclass(id, name) VALUES (15, 'LogOutRequest');
INSERT INTO testmgr_testclass(id, name) VALUES (16, 'ManageNameIDRequest');
INSERT INTO testmgr_testclass(id, name) VALUES (17, 'NameIDMappingRequest');
INSERT INTO testmgr_testclass(id, name) VALUES (18, 'VerifyAttributeNameFormat');
INSERT INTO testmgr_testclass(id, name) VALUES (19, 'VerifyFunctionality');
INSERT INTO testmgr_testclass(id, name) VALUES (20, 'VerifySignatureAlgorithm');
INSERT INTO testmgr_testclass(id, name) VALUES (21, 'VerifySignedPart');

SELECT pg_catalog.setval('testmgr_testclass_id_seq', 22, true);

-- usecase 50, S2c-03 /AuthnRequestEndpointIndex/VerifyFunctionality /CheckSaml2IntAttributes ,  VerifyAttributeNameFormat ,  VerifySignedPart ,  VerifySignatureAlgorithm , 
INSERT INTO testmgr_usecase_samlrequest_testclasses(usecase_id, testclass_id) VALUES (50, 4);
INSERT INTO testmgr_usecase_pre_testclasses(usecase_id, testclass_id) VALUES (50, 19);
INSERT INTO testmgr_usecase_post_testclasses(usecase_id, testclass_id) VALUES (50, 21);
INSERT INTO testmgr_usecase_post_testclasses(usecase_id, testclass_id) VALUES (50, 11);
INSERT INTO testmgr_usecase_post_testclasses(usecase_id, testclass_id) VALUES (50, 18);
INSERT INTO testmgr_usecase_post_testclasses(usecase_id, testclass_id) VALUES (50, 20);
-- usecase 51, S2c-04 /AuthnRequestSpecEndpoint/VerifyFunctionality /CheckSaml2IntAttributes ,  VerifyAttributeNameFormat ,  VerifySignedPart ,  VerifySignatureAlgorithm , 
INSERT INTO testmgr_usecase_samlrequest_testclasses(usecase_id, testclass_id) VALUES (51, 7);
INSERT INTO testmgr_usecase_pre_testclasses(usecase_id, testclass_id) VALUES (51, 19);
INSERT INTO testmgr_usecase_post_testclasses(usecase_id, testclass_id) VALUES (51, 21);
INSERT INTO testmgr_usecase_post_testclasses(usecase_id, testclass_id) VALUES (51, 11);
INSERT INTO testmgr_usecase_post_testclasses(usecase_id, testclass_id) VALUES (51, 18);
INSERT INTO testmgr_usecase_post_testclasses(usecase_id, testclass_id) VALUES (51, 20);
-- usecase 101, S2c-16 /DynAuthnRequest/CheckSaml2IntMetaData/
INSERT INTO testmgr_usecase_samlrequest_testclasses(usecase_id, testclass_id) VALUES (101, 13);
INSERT INTO testmgr_usecase_pre_testclasses(usecase_id, testclass_id) VALUES (101, 12);
-- usecase 108, S2c-06 /AuthnRequest, AssertionIDRequest/VerifyFunctionality /CheckSaml2IntAttributes ,  VerifyAttributeNameFormat ,  VerifySignedPart ,  VerifySignatureAlgorithm , 
INSERT INTO testmgr_usecase_samlrequest_testclasses(usecase_id, testclass_id) VALUES (108, 0);
INSERT INTO testmgr_usecase_samlrequest_testclasses(usecase_id, testclass_id) VALUES (108, 3);
INSERT INTO testmgr_usecase_pre_testclasses(usecase_id, testclass_id) VALUES (108, 19);
INSERT INTO testmgr_usecase_post_testclasses(usecase_id, testclass_id) VALUES (108, 21);
INSERT INTO testmgr_usecase_post_testclasses(usecase_id, testclass_id) VALUES (108, 11);
INSERT INTO testmgr_usecase_post_testclasses(usecase_id, testclass_id) VALUES (108, 18);
INSERT INTO testmgr_usecase_post_testclasses(usecase_id, testclass_id) VALUES (108, 20);
-- usecase 109, S2c-12 /ECP_AuthnRequest/VerifyFunctionality /CheckSaml2IntAttributes ,  VerifyAttributeNameFormat ,  VerifySignedPart ,  VerifySignatureAlgorithm , 
INSERT INTO testmgr_usecase_samlrequest_testclasses(usecase_id, testclass_id) VALUES (109, 14);
INSERT INTO testmgr_usecase_pre_testclasses(usecase_id, testclass_id) VALUES (109, 19);
INSERT INTO testmgr_usecase_post_testclasses(usecase_id, testclass_id) VALUES (109, 21);
INSERT INTO testmgr_usecase_post_testclasses(usecase_id, testclass_id) VALUES (109, 11);
INSERT INTO testmgr_usecase_post_testclasses(usecase_id, testclass_id) VALUES (109, 18);
INSERT INTO testmgr_usecase_post_testclasses(usecase_id, testclass_id) VALUES (109, 20);
-- usecase 110, S2c-11 /AuthnRequest_NameIDPolicy1/VerifyFunctionality /CheckSaml2IntAttributes ,  VerifyAttributeNameFormat ,  VerifySignedPart ,  VerifySignatureAlgorithm , 
INSERT INTO testmgr_usecase_samlrequest_testclasses(usecase_id, testclass_id) VALUES (110, 9);
INSERT INTO testmgr_usecase_pre_testclasses(usecase_id, testclass_id) VALUES (110, 19);
INSERT INTO testmgr_usecase_post_testclasses(usecase_id, testclass_id) VALUES (110, 21);
INSERT INTO testmgr_usecase_post_testclasses(usecase_id, testclass_id) VALUES (110, 11);
INSERT INTO testmgr_usecase_post_testclasses(usecase_id, testclass_id) VALUES (110, 18);
INSERT INTO testmgr_usecase_post_testclasses(usecase_id, testclass_id) VALUES (110, 20);
-- usecase 111, S2c-08 /AuthnRequestPost/VerifyFunctionality /CheckSaml2IntAttributes ,  VerifyAttributeNameFormat ,  VerifySignedPart ,  VerifySignatureAlgorithm , 
INSERT INTO testmgr_usecase_samlrequest_testclasses(usecase_id, testclass_id) VALUES (111, 5);
INSERT INTO testmgr_usecase_pre_testclasses(usecase_id, testclass_id) VALUES (111, 19);
INSERT INTO testmgr_usecase_post_testclasses(usecase_id, testclass_id) VALUES (111, 21);
INSERT INTO testmgr_usecase_post_testclasses(usecase_id, testclass_id) VALUES (111, 11);
INSERT INTO testmgr_usecase_post_testclasses(usecase_id, testclass_id) VALUES (111, 18);
INSERT INTO testmgr_usecase_post_testclasses(usecase_id, testclass_id) VALUES (111, 20);
-- usecase 112, S2c-09 /AuthnRequestPostTransient/VerifyFunctionality /CheckSaml2IntAttributes ,  VerifyAttributeNameFormat ,  VerifySignedPart ,  VerifySignatureAlgorithm , 
INSERT INTO testmgr_usecase_samlrequest_testclasses(usecase_id, testclass_id) VALUES (112, 6);
INSERT INTO testmgr_usecase_pre_testclasses(usecase_id, testclass_id) VALUES (112, 19);
INSERT INTO testmgr_usecase_post_testclasses(usecase_id, testclass_id) VALUES (112, 21);
INSERT INTO testmgr_usecase_post_testclasses(usecase_id, testclass_id) VALUES (112, 11);
INSERT INTO testmgr_usecase_post_testclasses(usecase_id, testclass_id) VALUES (112, 18);
INSERT INTO testmgr_usecase_post_testclasses(usecase_id, testclass_id) VALUES (112, 20);
-- usecase 113, S2c-10 /AuthnRequestTransient/VerifyFunctionality /CheckSaml2IntAttributes ,  VerifyAttributeNameFormat ,  VerifySignedPart ,  VerifySignatureAlgorithm , 
INSERT INTO testmgr_usecase_samlrequest_testclasses(usecase_id, testclass_id) VALUES (113, 8);
INSERT INTO testmgr_usecase_pre_testclasses(usecase_id, testclass_id) VALUES (113, 19);
INSERT INTO testmgr_usecase_post_testclasses(usecase_id, testclass_id) VALUES (113, 21);
INSERT INTO testmgr_usecase_post_testclasses(usecase_id, testclass_id) VALUES (113, 11);
INSERT INTO testmgr_usecase_post_testclasses(usecase_id, testclass_id) VALUES (113, 18);
INSERT INTO testmgr_usecase_post_testclasses(usecase_id, testclass_id) VALUES (113, 20);
-- usecase 114, S2c-01 /AuthnRequest, AttributeQuery/VerifyFunctionality /CheckSaml2IntAttributes ,  VerifyAttributeNameFormat ,  VerifySignedPart ,  VerifySignatureAlgorithm , 
INSERT INTO testmgr_usecase_samlrequest_testclasses(usecase_id, testclass_id) VALUES (114, 1);
INSERT INTO testmgr_usecase_samlrequest_testclasses(usecase_id, testclass_id) VALUES (114, 3);
INSERT INTO testmgr_usecase_pre_testclasses(usecase_id, testclass_id) VALUES (114, 19);
INSERT INTO testmgr_usecase_post_testclasses(usecase_id, testclass_id) VALUES (114, 21);
INSERT INTO testmgr_usecase_post_testclasses(usecase_id, testclass_id) VALUES (114, 11);
INSERT INTO testmgr_usecase_post_testclasses(usecase_id, testclass_id) VALUES (114, 18);
INSERT INTO testmgr_usecase_post_testclasses(usecase_id, testclass_id) VALUES (114, 20);
-- usecase 115, S2c-07 /AuthnRequest, AuthnQuery/VerifyFunctionality /CheckSaml2IntAttributes ,  VerifyAttributeNameFormat ,  VerifySignedPart ,  VerifySignatureAlgorithm , 
INSERT INTO testmgr_usecase_samlrequest_testclasses(usecase_id, testclass_id) VALUES (115, 2);
INSERT INTO testmgr_usecase_samlrequest_testclasses(usecase_id, testclass_id) VALUES (115, 3);
INSERT INTO testmgr_usecase_pre_testclasses(usecase_id, testclass_id) VALUES (115, 19);
INSERT INTO testmgr_usecase_post_testclasses(usecase_id, testclass_id) VALUES (115, 21);
INSERT INTO testmgr_usecase_post_testclasses(usecase_id, testclass_id) VALUES (115, 11);
INSERT INTO testmgr_usecase_post_testclasses(usecase_id, testclass_id) VALUES (115, 18);
INSERT INTO testmgr_usecase_post_testclasses(usecase_id, testclass_id) VALUES (115, 20);
-- usecase 116, S2c-02 /AuthnRequest/VerifyFunctionality /CheckSaml2IntAttributes ,  VerifyAttributeNameFormat ,  VerifySignedPart ,  VerifySignatureAlgorithm , 
INSERT INTO testmgr_usecase_samlrequest_testclasses(usecase_id, testclass_id) VALUES (116, 3);
INSERT INTO testmgr_usecase_pre_testclasses(usecase_id, testclass_id) VALUES (116, 19);
INSERT INTO testmgr_usecase_post_testclasses(usecase_id, testclass_id) VALUES (116, 21);
INSERT INTO testmgr_usecase_post_testclasses(usecase_id, testclass_id) VALUES (116, 11);
INSERT INTO testmgr_usecase_post_testclasses(usecase_id, testclass_id) VALUES (116, 18);
INSERT INTO testmgr_usecase_post_testclasses(usecase_id, testclass_id) VALUES (116, 20);
-- usecase 117, S2c-05 /AuthnRequest_using_Artifact//
INSERT INTO testmgr_usecase_samlrequest_testclasses(usecase_id, testclass_id) VALUES (117, 10);
-- usecase 118, S2c-15 /AuthnRequest, NameIDMappingRequest/VerifyFunctionality /CheckSaml2IntAttributes ,  VerifyAttributeNameFormat ,  VerifySignedPart ,  VerifySignatureAlgorithm , 
INSERT INTO testmgr_usecase_samlrequest_testclasses(usecase_id, testclass_id) VALUES (118, 17);
INSERT INTO testmgr_usecase_samlrequest_testclasses(usecase_id, testclass_id) VALUES (118, 3);
INSERT INTO testmgr_usecase_pre_testclasses(usecase_id, testclass_id) VALUES (118, 19);
INSERT INTO testmgr_usecase_post_testclasses(usecase_id, testclass_id) VALUES (118, 21);
INSERT INTO testmgr_usecase_post_testclasses(usecase_id, testclass_id) VALUES (118, 11);
INSERT INTO testmgr_usecase_post_testclasses(usecase_id, testclass_id) VALUES (118, 18);
INSERT INTO testmgr_usecase_post_testclasses(usecase_id, testclass_id) VALUES (118, 20);
-- usecase 120, S2c-14 /AuthnRequest, ManageNameIDRequest/VerifyFunctionality /CheckSaml2IntAttributes ,  VerifyAttributeNameFormat ,  VerifySignedPart ,  VerifySignatureAlgorithm , 
INSERT INTO testmgr_usecase_samlrequest_testclasses(usecase_id, testclass_id) VALUES (120, 16);
INSERT INTO testmgr_usecase_samlrequest_testclasses(usecase_id, testclass_id) VALUES (120, 3);
INSERT INTO testmgr_usecase_pre_testclasses(usecase_id, testclass_id) VALUES (120, 19);
INSERT INTO testmgr_usecase_post_testclasses(usecase_id, testclass_id) VALUES (120, 21);
INSERT INTO testmgr_usecase_post_testclasses(usecase_id, testclass_id) VALUES (120, 11);
INSERT INTO testmgr_usecase_post_testclasses(usecase_id, testclass_id) VALUES (120, 18);
INSERT INTO testmgr_usecase_post_testclasses(usecase_id, testclass_id) VALUES (120, 20);
-- usecase 126, S2c-13 /AuthnRequest, LogOutRequest/VerifyFunctionality /CheckSaml2IntAttributes ,  VerifyAttributeNameFormat ,  VerifySignedPart ,  VerifySignatureAlgorithm , 
INSERT INTO testmgr_usecase_samlrequest_testclasses(usecase_id, testclass_id) VALUES (126, 15);
INSERT INTO testmgr_usecase_samlrequest_testclasses(usecase_id, testclass_id) VALUES (126, 3);
INSERT INTO testmgr_usecase_pre_testclasses(usecase_id, testclass_id) VALUES (126, 19);
INSERT INTO testmgr_usecase_post_testclasses(usecase_id, testclass_id) VALUES (126, 21);
INSERT INTO testmgr_usecase_post_testclasses(usecase_id, testclass_id) VALUES (126, 11);
INSERT INTO testmgr_usecase_post_testclasses(usecase_id, testclass_id) VALUES (126, 18);
INSERT INTO testmgr_usecase_post_testclasses(usecase_id, testclass_id) VALUES (126, 20);
